{
    "loss": 7.337390422821045,
    "accuracy": 0.5686274766921997
}