{
    "loss": 13.766931533813477,
    "accuracy": 0.5686274766921997
}